{"cameraMode":{"drawMode":0,"name":"Shaded","section":"Shading Mode"},"sceneLighting":true,"audioPlay":false,"sceneViewState":{"m_AlwaysRefresh":false,"showFog":true,"showSkybox":true,"showFlares":true,"showImageEffects":true,"showParticleSystems":true,"showVisualEffectGraphs":true,"m_FxEnabled":true},"in2DMode":false,"pivot":{"x":11.388981819152832,"y":18.05341339111328,"z":2.353964328765869},"rotation":{"x":0.10308364033699036,"y":-0.7359092235565186,"z":0.11506973206996918,"w":0.6592466831207275},"size":0.8660253882408142,"orthographic":false}