{"cameraMode":{"drawMode":0,"name":"Shaded","section":"Shading Mode"},"sceneLighting":true,"audioPlay":false,"sceneViewState":{"m_AlwaysRefresh":false,"showFog":true,"showSkybox":true,"showFlares":true,"showImageEffects":true,"showParticleSystems":true,"showVisualEffectGraphs":true,"m_FxEnabled":true},"in2DMode":false,"pivot":{"x":-11.516515731811524,"y":10.255756378173829,"z":0.6771175861358643},"rotation":{"x":-0.1762530356645584,"y":-0.7269551753997803,"z":0.20254330337047578,"w":-0.6321409940719605},"size":1.2413450479507447,"orthographic":false}