{"cameraMode":{"drawMode":0,"name":"Shaded","section":"Shading Mode"},"sceneLighting":true,"audioPlay":false,"sceneViewState":{"m_AlwaysRefresh":false,"showFog":true,"showSkybox":true,"showFlares":true,"showImageEffects":true,"showParticleSystems":true,"showVisualEffectGraphs":true,"m_FxEnabled":true},"in2DMode":false,"pivot":{"x":1.8402462005615235,"y":1.9584763050079346,"z":2.2524306774139406},"rotation":{"x":0.04796928912401199,"y":-0.8591684699058533,"z":0.08196169137954712,"w":0.5028309226036072},"size":0.8660253882408142,"orthographic":false}